😀	grinning face	grinning|face
😃	grinning face with big eyes	grinning|face|with|big|eyes
😄	grinning face with smiling eyes	grinning|face|with|smiling|eyes
😁	beaming face with smiling eyes	beaming|face|with|smiling|eyes
😆	grinning squinting face	grinning|squinting|face
😅	grinning face with sweat	grinning|face|with|sweat
🤣	rolling on the floor laughing	rolling|on|the|floor|laughing
😂	face with tears of joy	face|with|tears|of|joy
🙂	slightly smiling face	slightly|smiling|face
🙃	upside-down face	upside|down|face
🫠	melting face	melting|face
😉	winking face	winking|face
😊	smiling face with smiling eyes	smiling|face|with|smiling|eyes
😇	smiling face with halo	smiling|face|with|halo
🥰	smiling face with hearts	smiling|face|with|hearts
😍	smiling face with heart-eyes	smiling|face|with|heart|eyes
🤩	star-struck	star|struck
😘	face blowing a kiss	face|blowing|a|kiss
😗	kissing face	kissing|face
☺️	smiling face	smiling|face
😚	kissing face with closed eyes	kissing|face|with|closed|eyes
😙	kissing face with smiling eyes	kissing|face|with|smiling|eyes
🥲	smiling face with tear	smiling|face|with|tear
😋	face savoring food	face|savoring|food
😛	face with tongue	face|with|tongue
😜	winking face with tongue	winking|face|with|tongue
🤪	zany face	zany|face
😝	squinting face with tongue	squinting|face|with|tongue
🤑	money-mouth face	money|mouth|face
🤗	smiling face with open hands	smiling|face|with|open|hands
🤭	face with hand over mouth	face|with|hand|over|mouth
🫢	face with open eyes and hand over mouth	face|with|open|eyes|and|hand|over|mouth
🫣	face with peeking eye	face|with|peeking|eye
🤫	shushing face	shushing|face
🤔	thinking face	thinking|face
🫡	saluting face	saluting|face
🤐	zipper-mouth face	zipper|mouth|face
🤨	face with raised eyebrow	face|with|raised|eyebrow
😐	neutral face	neutral|face
😑	expressionless face	expressionless|face
😶	face without mouth	face|without|mouth
🫥	dotted line face	dotted|line|face
😶‍🌫️	face in clouds	face|in|clouds
😏	smirking face	smirking|face
😒	unamused face	unamused|face
🙄	face with rolling eyes	face|with|rolling|eyes
😬	grimacing face	grimacing|face
😮‍💨	face exhaling	face|exhaling
🤥	lying face	lying|face
🫨	shaking face	shaking|face
🙂‍↔️	head shaking horizontally	head|shaking|horizontally
🙂‍↕️	head shaking vertically	head|shaking|vertically
😌	relieved face	relieved|face
😔	pensive face	pensive|face
😪	sleepy face	sleepy|face
🤤	drooling face	drooling|face
😴	sleeping face	sleeping|face
🫩	face with bags under eyes	face|with|bags|under|eyes
😷	face with medical mask	face|with|medical|mask
🤒	face with thermometer	face|with|thermometer
🤕	face with head-bandage	face|with|head|bandage
🤢	nauseated face	nauseated|face
🤮	face vomiting	face|vomiting
🤧	sneezing face	sneezing|face
🥵	hot face	hot|face
🥶	cold face	cold|face
🥴	woozy face	woozy|face
😵	face with crossed-out eyes	face|with|crossed|out|eyes
😵‍💫	face with spiral eyes	face|with|spiral|eyes
🤯	exploding head	exploding|head
🤠	cowboy hat face	cowboy|hat|face
🥳	partying face	partying|face
🥸	disguised face	disguised|face
😎	smiling face with sunglasses	smiling|face|with|sunglasses
🤓	nerd face	nerd|face
🧐	face with monocle	face|with|monocle
😕	confused face	confused|face
🫤	face with diagonal mouth	face|with|diagonal|mouth
😟	worried face	worried|face
🙁	slightly frowning face	slightly|frowning|face
☹️	frowning face	frowning|face
😮	face with open mouth	face|with|open|mouth
😯	hushed face	hushed|face
😲	astonished face	astonished|face
😳	flushed face	flushed|face
🫪	distorted face	distorted|face
🥺	pleading face	pleading|face
🥹	face holding back tears	face|holding|back|tears
😦	frowning face with open mouth	frowning|face|with|open|mouth
😧	anguished face	anguished|face
😨	fearful face	fearful|face
😰	anxious face with sweat	anxious|face|with|sweat
😥	sad but relieved face	sad|but|relieved|face
😢	crying face	crying|face
😭	loudly crying face	loudly|crying|face
😱	face screaming in fear	face|screaming|in|fear
😖	confounded face	confounded|face
😣	persevering face	persevering|face
😞	disappointed face	disappointed|face
😓	downcast face with sweat	downcast|face|with|sweat
😩	weary face	weary|face
😫	tired face	tired|face
🥱	yawning face	yawning|face
😤	face with steam from nose	face|with|steam|from|nose
😡	enraged face	enraged|face
😠	angry face	angry|face
🤬	face with symbols on mouth	face|with|symbols|on|mouth
😈	smiling face with horns	smiling|face|with|horns
👿	angry face with horns	angry|face|with|horns
💀	skull	skull
☠️	skull and crossbones	skull|and|crossbones
💩	pile of poo	pile|of|poo
🤡	clown face	clown|face
👹	ogre	ogre
👺	goblin	goblin
👻	ghost	ghost
👽	alien	alien
👾	alien monster	alien|monster
🤖	robot	robot
😺	grinning cat	grinning|cat
😸	grinning cat with smiling eyes	grinning|cat|with|smiling|eyes
😹	cat with tears of joy	cat|with|tears|of|joy
😻	smiling cat with heart-eyes	smiling|cat|with|heart|eyes
😼	cat with wry smile	cat|with|wry|smile
😽	kissing cat	kissing|cat
🙀	weary cat	weary|cat
😿	crying cat	crying|cat
😾	pouting cat	pouting|cat
🙈	see-no-evil monkey	see|no|evil|monkey
🙉	hear-no-evil monkey	hear|no|evil|monkey
🙊	speak-no-evil monkey	speak|no|evil|monkey
💌	love letter	love|letter
💘	heart with arrow	heart|with|arrow
💝	heart with ribbon	heart|with|ribbon
💖	sparkling heart	sparkling|heart
💗	growing heart	growing|heart
💓	beating heart	beating|heart
💞	revolving hearts	revolving|hearts
💕	two hearts	two|hearts
💟	heart decoration	heart|decoration
❣️	heart exclamation	heart|exclamation
💔	broken heart	broken|heart
❤️‍🔥	heart on fire	heart|on|fire
❤️‍🩹	mending heart	mending|heart
❤️	red heart	red|heart
🩷	pink heart	pink|heart
🧡	orange heart	orange|heart
💛	yellow heart	yellow|heart
💚	green heart	green|heart
💙	blue heart	blue|heart
🩵	light blue heart	light|blue|heart
💜	purple heart	purple|heart
🤎	brown heart	brown|heart
🖤	black heart	black|heart
🩶	grey heart	grey|heart
🤍	white heart	white|heart
💋	kiss mark	kiss|mark
💯	hundred points	hundred|points
💢	anger symbol	anger|symbol
🫯	fight cloud	fight|cloud
💥	collision	collision
💫	dizzy	dizzy
💦	sweat droplets	sweat|droplets
💨	dashing away	dashing|away
🕳️	hole	hole
💬	speech balloon	speech|balloon
👁️‍🗨️	eye in speech bubble	eye|in|speech|bubble
🗨️	left speech bubble	left|speech|bubble
🗯️	right anger bubble	right|anger|bubble
💭	thought balloon	thought|balloon
💤	ZZZ	ZZZ
👋	waving hand	waving|hand
🤚	raised back of hand	raised|back|of|hand
🖐️	hand with fingers splayed	hand|with|fingers|splayed
✋	raised hand	raised|hand
🖖	vulcan salute	vulcan|salute
🫱	rightwards hand	rightwards|hand
🫲	leftwards hand	leftwards|hand
🫳	palm down hand	palm|down|hand
🫴	palm up hand	palm|up|hand
🫷	leftwards pushing hand	leftwards|pushing|hand
🫸	rightwards pushing hand	rightwards|pushing|hand
👌	OK hand	OK|hand
🤌	pinched fingers	pinched|fingers
🤏	pinching hand	pinching|hand
✌️	victory hand	victory|hand
🤞	crossed fingers	crossed|fingers
🫰	hand with index finger and thumb crossed	hand|with|index|finger|and|thumb|crossed
🤟	love-you gesture	love|you|gesture
🤘	sign of the horns	sign|of|the|horns
🤙	call me hand	call|me|hand
👈	backhand index pointing left	backhand|index|pointing|left
👉	backhand index pointing right	backhand|index|pointing|right
👆	backhand index pointing up	backhand|index|pointing|up
🖕	middle finger	middle|finger
👇	backhand index pointing down	backhand|index|pointing|down
☝️	index pointing up	index|pointing|up
🫵	index pointing at the viewer	index|pointing|at|the|viewer
👍	thumbs up	thumbs|up
👎	thumbs down	thumbs|down
✊	raised fist	raised|fist
👊	oncoming fist	oncoming|fist
🤛	left-facing fist	left|facing|fist
🤜	right-facing fist	right|facing|fist
👏	clapping hands	clapping|hands
🙌	raising hands	raising|hands
🫶	heart hands	heart|hands
👐	open hands	open|hands
🤲	palms up together	palms|up|together
🤝	handshake	handshake
🙏	folded hands	folded|hands
✍️	writing hand	writing|hand
💅	nail polish	nail|polish
🤳	selfie	selfie
💪	flexed biceps	flexed|biceps
🦾	mechanical arm	mechanical|arm
🦿	mechanical leg	mechanical|leg
🦵	leg	leg
🦶	foot	foot
👂	ear	ear
🦻	ear with hearing aid	ear|with|hearing|aid
👃	nose	nose
🧠	brain	brain
🫀	anatomical heart	anatomical|heart
🫁	lungs	lungs
🦷	tooth	tooth
🦴	bone	bone
👀	eyes	eyes
👁️	eye	eye
👅	tongue	tongue
👄	mouth	mouth
🫦	biting lip	biting|lip
👶	baby	baby
🧒	child	child
👦	boy	boy
👧	girl	girl
🧑	person	person
👱	person: blond hair	person|blond|hair
👨	man	man
🧔	person: beard	person|beard
🧔‍♂️	man: beard	man|beard
🧔‍♀️	woman: beard	woman|beard
👨‍🦰	man: red hair	man|red|hair
👨‍🦱	man: curly hair	man|curly|hair
👨‍🦳	man: white hair	man|white|hair
👨‍🦲	man: bald	man|bald
👩	woman	woman
👩‍🦰	woman: red hair	woman|red|hair
🧑‍🦰	person: red hair	person|red|hair
👩‍🦱	woman: curly hair	woman|curly|hair
🧑‍🦱	person: curly hair	person|curly|hair
👩‍🦳	woman: white hair	woman|white|hair
🧑‍🦳	person: white hair	person|white|hair
👩‍🦲	woman: bald	woman|bald
🧑‍🦲	person: bald	person|bald
👱‍♀️	woman: blond hair	woman|blond|hair
👱‍♂️	man: blond hair	man|blond|hair
🧓	older person	older|person
👴	old man	old|man
👵	old woman	old|woman
🙍	person frowning	person|frowning
🙍‍♂️	man frowning	man|frowning
🙍‍♀️	woman frowning	woman|frowning
🙎	person pouting	person|pouting
🙎‍♂️	man pouting	man|pouting
🙎‍♀️	woman pouting	woman|pouting
🙅	person gesturing NO	person|gesturing|NO
🙅‍♂️	man gesturing NO	man|gesturing|NO
🙅‍♀️	woman gesturing NO	woman|gesturing|NO
🙆	person gesturing OK	person|gesturing|OK
🙆‍♂️	man gesturing OK	man|gesturing|OK
🙆‍♀️	woman gesturing OK	woman|gesturing|OK
💁	person tipping hand	person|tipping|hand
💁‍♂️	man tipping hand	man|tipping|hand
💁‍♀️	woman tipping hand	woman|tipping|hand
🙋	person raising hand	person|raising|hand
🙋‍♂️	man raising hand	man|raising|hand
🙋‍♀️	woman raising hand	woman|raising|hand
🧏	deaf person	deaf|person
🧏‍♂️	deaf man	deaf|man
🧏‍♀️	deaf woman	deaf|woman
🙇	person bowing	person|bowing
🙇‍♂️	man bowing	man|bowing
🙇‍♀️	woman bowing	woman|bowing
🤦	person facepalming	person|facepalming
🤦‍♂️	man facepalming	man|facepalming
🤦‍♀️	woman facepalming	woman|facepalming
🤷	person shrugging	person|shrugging
🤷‍♂️	man shrugging	man|shrugging
🤷‍♀️	woman shrugging	woman|shrugging
🧑‍⚕️	health worker	health|worker
👨‍⚕️	man health worker	man|health|worker
👩‍⚕️	woman health worker	woman|health|worker
🧑‍🎓	student	student
👨‍🎓	man student	man|student
👩‍🎓	woman student	woman|student
🧑‍🏫	teacher	teacher
👨‍🏫	man teacher	man|teacher
👩‍🏫	woman teacher	woman|teacher
🧑‍⚖️	judge	judge
👨‍⚖️	man judge	man|judge
👩‍⚖️	woman judge	woman|judge
🧑‍🌾	farmer	farmer
👨‍🌾	man farmer	man|farmer
👩‍🌾	woman farmer	woman|farmer
🧑‍🍳	cook	cook
👨‍🍳	man cook	man|cook
👩‍🍳	woman cook	woman|cook
🧑‍🔧	mechanic	mechanic
👨‍🔧	man mechanic	man|mechanic
👩‍🔧	woman mechanic	woman|mechanic
🧑‍🏭	factory worker	factory|worker
👨‍🏭	man factory worker	man|factory|worker
👩‍🏭	woman factory worker	woman|factory|worker
🧑‍💼	office worker	office|worker
👨‍💼	man office worker	man|office|worker
👩‍💼	woman office worker	woman|office|worker
🧑‍🔬	scientist	scientist
👨‍🔬	man scientist	man|scientist
👩‍🔬	woman scientist	woman|scientist
🧑‍💻	technologist	technologist
👨‍💻	man technologist	man|technologist
👩‍💻	woman technologist	woman|technologist
🧑‍🎤	singer	singer
👨‍🎤	man singer	man|singer
👩‍🎤	woman singer	woman|singer
🧑‍🎨	artist	artist
👨‍🎨	man artist	man|artist
👩‍🎨	woman artist	woman|artist
🧑‍✈️	pilot	pilot
👨‍✈️	man pilot	man|pilot
👩‍✈️	woman pilot	woman|pilot
🧑‍🚀	astronaut	astronaut
👨‍🚀	man astronaut	man|astronaut
👩‍🚀	woman astronaut	woman|astronaut
🧑‍🚒	firefighter	firefighter
👨‍🚒	man firefighter	man|firefighter
👩‍🚒	woman firefighter	woman|firefighter
👮	police officer	police|officer
👮‍♂️	man police officer	man|police|officer
👮‍♀️	woman police officer	woman|police|officer
🕵️	detective	detective
🕵️‍♂️	man detective	man|detective
🕵️‍♀️	woman detective	woman|detective
💂	guard	guard
💂‍♂️	man guard	man|guard
💂‍♀️	woman guard	woman|guard
🥷	ninja	ninja
👷	construction worker	construction|worker
👷‍♂️	man construction worker	man|construction|worker
👷‍♀️	woman construction worker	woman|construction|worker
🫅	person with crown	person|with|crown
🤴	prince	prince
👸	princess	princess
👳	person wearing turban	person|wearing|turban
👳‍♂️	man wearing turban	man|wearing|turban
👳‍♀️	woman wearing turban	woman|wearing|turban
👲	person with skullcap	person|with|skullcap
🧕	woman with headscarf	woman|with|headscarf
🤵	person in tuxedo	person|in|tuxedo
🤵‍♂️	man in tuxedo	man|in|tuxedo
🤵‍♀️	woman in tuxedo	woman|in|tuxedo
👰	person with veil	person|with|veil
👰‍♂️	man with veil	man|with|veil
👰‍♀️	woman with veil	woman|with|veil
🤰	pregnant woman	pregnant|woman
🫃	pregnant man	pregnant|man
🫄	pregnant person	pregnant|person
🤱	breast-feeding	breast|feeding
👩‍🍼	woman feeding baby	woman|feeding|baby
👨‍🍼	man feeding baby	man|feeding|baby
🧑‍🍼	person feeding baby	person|feeding|baby
👼	baby angel	baby|angel
🎅	Santa Claus	Santa|Claus
🤶	Mrs. Claus	Mrs.|Claus
🧑‍🎄	Mx Claus	Mx|Claus
🦸	superhero	superhero
🦸‍♂️	man superhero	man|superhero
🦸‍♀️	woman superhero	woman|superhero
🦹	supervillain	supervillain
🦹‍♂️	man supervillain	man|supervillain
🦹‍♀️	woman supervillain	woman|supervillain
🧙	mage	mage
🧙‍♂️	man mage	man|mage
🧙‍♀️	woman mage	woman|mage
🧚	fairy	fairy
🧚‍♂️	man fairy	man|fairy
🧚‍♀️	woman fairy	woman|fairy
🧛	vampire	vampire
🧛‍♂️	man vampire	man|vampire
🧛‍♀️	woman vampire	woman|vampire
🧜	merperson	merperson
🧜‍♂️	merman	merman
🧜‍♀️	mermaid	mermaid
🧝	elf	elf
🧝‍♂️	man elf	man|elf
🧝‍♀️	woman elf	woman|elf
🧞	genie	genie
🧞‍♂️	man genie	man|genie
🧞‍♀️	woman genie	woman|genie
🧟	zombie	zombie
🧟‍♂️	man zombie	man|zombie
🧟‍♀️	woman zombie	woman|zombie
🧌	troll	troll
🫈	hairy creature	hairy|creature
💆	person getting massage	person|getting|massage
💆‍♂️	man getting massage	man|getting|massage
💆‍♀️	woman getting massage	woman|getting|massage
💇	person getting haircut	person|getting|haircut
💇‍♂️	man getting haircut	man|getting|haircut
💇‍♀️	woman getting haircut	woman|getting|haircut
🚶	person walking	person|walking
🚶‍♂️	man walking	man|walking
🚶‍♀️	woman walking	woman|walking
🚶‍➡️	person walking facing right	person|walking|facing|right
🚶‍♀️‍➡️	woman walking facing right	woman|walking|facing|right
🚶‍♂️‍➡️	man walking facing right	man|walking|facing|right
🧍	person standing	person|standing
🧍‍♂️	man standing	man|standing
🧍‍♀️	woman standing	woman|standing
🧎	person kneeling	person|kneeling
🧎‍♂️	man kneeling	man|kneeling
🧎‍♀️	woman kneeling	woman|kneeling
🧎‍➡️	person kneeling facing right	person|kneeling|facing|right
🧎‍♀️‍➡️	woman kneeling facing right	woman|kneeling|facing|right
🧎‍♂️‍➡️	man kneeling facing right	man|kneeling|facing|right
🧑‍🦯	person with white cane	person|with|white|cane
🧑‍🦯‍➡️	person with white cane facing right	person|with|white|cane|facing|right
👨‍🦯	man with white cane	man|with|white|cane
👨‍🦯‍➡️	man with white cane facing right	man|with|white|cane|facing|right
👩‍🦯	woman with white cane	woman|with|white|cane
👩‍🦯‍➡️	woman with white cane facing right	woman|with|white|cane|facing|right
🧑‍🦼	person in motorized wheelchair	person|in|motorized|wheelchair
🧑‍🦼‍➡️	person in motorized wheelchair facing right	person|in|motorized|wheelchair|facing|right
👨‍🦼	man in motorized wheelchair	man|in|motorized|wheelchair
👨‍🦼‍➡️	man in motorized wheelchair facing right	man|in|motorized|wheelchair|facing|right
👩‍🦼	woman in motorized wheelchair	woman|in|motorized|wheelchair
👩‍🦼‍➡️	woman in motorized wheelchair facing right	woman|in|motorized|wheelchair|facing|right
🧑‍🦽	person in manual wheelchair	person|in|manual|wheelchair
🧑‍🦽‍➡️	person in manual wheelchair facing right	person|in|manual|wheelchair|facing|right
👨‍🦽	man in manual wheelchair	man|in|manual|wheelchair
👨‍🦽‍➡️	man in manual wheelchair facing right	man|in|manual|wheelchair|facing|right
👩‍🦽	woman in manual wheelchair	woman|in|manual|wheelchair
👩‍🦽‍➡️	woman in manual wheelchair facing right	woman|in|manual|wheelchair|facing|right
🏃	person running	person|running
🏃‍♂️	man running	man|running
🏃‍♀️	woman running	woman|running
🏃‍➡️	person running facing right	person|running|facing|right
🏃‍♀️‍➡️	woman running facing right	woman|running|facing|right
🏃‍♂️‍➡️	man running facing right	man|running|facing|right
🧑‍🩰	ballet dancer	ballet|dancer
💃	woman dancing	woman|dancing
🕺	man dancing	man|dancing
🕴️	person in suit levitating	person|in|suit|levitating
👯	people with bunny ears	people|with|bunny|ears
👯‍♂️	men with bunny ears	men|with|bunny|ears
👯‍♀️	women with bunny ears	women|with|bunny|ears
🧖	person in steamy room	person|in|steamy|room
🧖‍♂️	man in steamy room	man|in|steamy|room
🧖‍♀️	woman in steamy room	woman|in|steamy|room
🧗	person climbing	person|climbing
🧗‍♂️	man climbing	man|climbing
🧗‍♀️	woman climbing	woman|climbing
🤺	person fencing	person|fencing
🏇	horse racing	horse|racing
⛷️	skier	skier
🏂	snowboarder	snowboarder
🏌️	person golfing	person|golfing
🏌️‍♂️	man golfing	man|golfing
🏌️‍♀️	woman golfing	woman|golfing
🏄	person surfing	person|surfing
🏄‍♂️	man surfing	man|surfing
🏄‍♀️	woman surfing	woman|surfing
🚣	person rowing boat	person|rowing|boat
🚣‍♂️	man rowing boat	man|rowing|boat
🚣‍♀️	woman rowing boat	woman|rowing|boat
🏊	person swimming	person|swimming
🏊‍♂️	man swimming	man|swimming
🏊‍♀️	woman swimming	woman|swimming
⛹️	person bouncing ball	person|bouncing|ball
⛹️‍♂️	man bouncing ball	man|bouncing|ball
⛹️‍♀️	woman bouncing ball	woman|bouncing|ball
🏋️	person lifting weights	person|lifting|weights
🏋️‍♂️	man lifting weights	man|lifting|weights
🏋️‍♀️	woman lifting weights	woman|lifting|weights
🚴	person biking	person|biking
🚴‍♂️	man biking	man|biking
🚴‍♀️	woman biking	woman|biking
🚵	person mountain biking	person|mountain|biking
🚵‍♂️	man mountain biking	man|mountain|biking
🚵‍♀️	woman mountain biking	woman|mountain|biking
🤸	person cartwheeling	person|cartwheeling
🤸‍♂️	man cartwheeling	man|cartwheeling
🤸‍♀️	woman cartwheeling	woman|cartwheeling
🤼	people wrestling	people|wrestling
🤼‍♂️	men wrestling	men|wrestling
🤼‍♀️	women wrestling	women|wrestling
🤽	person playing water polo	person|playing|water|polo
🤽‍♂️	man playing water polo	man|playing|water|polo
🤽‍♀️	woman playing water polo	woman|playing|water|polo
🤾	person playing handball	person|playing|handball
🤾‍♂️	man playing handball	man|playing|handball
🤾‍♀️	woman playing handball	woman|playing|handball
🤹	person juggling	person|juggling
🤹‍♂️	man juggling	man|juggling
🤹‍♀️	woman juggling	woman|juggling
🧘	person in lotus position	person|in|lotus|position
🧘‍♂️	man in lotus position	man|in|lotus|position
🧘‍♀️	woman in lotus position	woman|in|lotus|position
🛀	person taking bath	person|taking|bath
🛌	person in bed	person|in|bed
🧑‍🤝‍🧑	people holding hands	people|holding|hands
👭	women holding hands	women|holding|hands
👫	woman and man holding hands	woman|and|man|holding|hands
👬	men holding hands	men|holding|hands
💏	kiss	kiss
👩‍❤️‍💋‍👨	kiss: woman, man	kiss|woman|man
👨‍❤️‍💋‍👨	kiss: man, man	kiss|man|man
👩‍❤️‍💋‍👩	kiss: woman, woman	kiss|woman|woman
💑	couple with heart	couple|with|heart
👩‍❤️‍👨	couple with heart: woman, man	couple|with|heart|woman|man
👨‍❤️‍👨	couple with heart: man, man	couple|with|heart|man|man
👩‍❤️‍👩	couple with heart: woman, woman	couple|with|heart|woman|woman
👨‍👩‍👦	family: man, woman, boy	family|man|woman|boy
👨‍👩‍👧	family: man, woman, girl	family|man|woman|girl
👨‍👩‍👧‍👦	family: man, woman, girl, boy	family|man|woman|girl|boy
👨‍👩‍👦‍👦	family: man, woman, boy, boy	family|man|woman|boy|boy
👨‍👩‍👧‍👧	family: man, woman, girl, girl	family|man|woman|girl|girl
👨‍👨‍👦	family: man, man, boy	family|man|man|boy
👨‍👨‍👧	family: man, man, girl	family|man|man|girl
👨‍👨‍👧‍👦	family: man, man, girl, boy	family|man|man|girl|boy
👨‍👨‍👦‍👦	family: man, man, boy, boy	family|man|man|boy|boy
👨‍👨‍👧‍👧	family: man, man, girl, girl	family|man|man|girl|girl
👩‍👩‍👦	family: woman, woman, boy	family|woman|woman|boy
👩‍👩‍👧	family: woman, woman, girl	family|woman|woman|girl
👩‍👩‍👧‍👦	family: woman, woman, girl, boy	family|woman|woman|girl|boy
👩‍👩‍👦‍👦	family: woman, woman, boy, boy	family|woman|woman|boy|boy
👩‍👩‍👧‍👧	family: woman, woman, girl, girl	family|woman|woman|girl|girl
👨‍👦	family: man, boy	family|man|boy
👨‍👦‍👦	family: man, boy, boy	family|man|boy|boy
👨‍👧	family: man, girl	family|man|girl
👨‍👧‍👦	family: man, girl, boy	family|man|girl|boy
👨‍👧‍👧	family: man, girl, girl	family|man|girl|girl
👩‍👦	family: woman, boy	family|woman|boy
👩‍👦‍👦	family: woman, boy, boy	family|woman|boy|boy
👩‍👧	family: woman, girl	family|woman|girl
👩‍👧‍👦	family: woman, girl, boy	family|woman|girl|boy
👩‍👧‍👧	family: woman, girl, girl	family|woman|girl|girl
🗣️	speaking head	speaking|head
👤	bust in silhouette	bust|in|silhouette
👥	busts in silhouette	busts|in|silhouette
🫂	people hugging	people|hugging
👪	family	family
🧑‍🧑‍🧒	family: adult, adult, child	family|adult|adult|child
🧑‍🧑‍🧒‍🧒	family: adult, adult, child, child	family|adult|adult|child|child
🧑‍🧒	family: adult, child	family|adult|child
🧑‍🧒‍🧒	family: adult, child, child	family|adult|child|child
👣	footprints	footprints
🫆	fingerprint	fingerprint
🐵	monkey face	monkey|face
🐒	monkey	monkey
🦍	gorilla	gorilla
🦧	orangutan	orangutan
🐶	dog face	dog|face
🐕	dog	dog
🦮	guide dog	guide|dog
🐕‍🦺	service dog	service|dog
🐩	poodle	poodle
🐺	wolf	wolf
🦊	fox	fox
🦝	raccoon	raccoon
🐱	cat face	cat|face
🐈	cat	cat
🐈‍⬛	black cat	black|cat
🦁	lion	lion
🐯	tiger face	tiger|face
🐅	tiger	tiger
🐆	leopard	leopard
🐴	horse face	horse|face
🫎	moose	moose
🫏	donkey	donkey
🐎	horse	horse
🦄	unicorn	unicorn
🦓	zebra	zebra
🦌	deer	deer
🦬	bison	bison
🐮	cow face	cow|face
🐂	ox	ox
🐃	water buffalo	water|buffalo
🐄	cow	cow
🐷	pig face	pig|face
🐖	pig	pig
🐗	boar	boar
🐽	pig nose	pig|nose
🐏	ram	ram
🐑	ewe	ewe
🐐	goat	goat
🐪	camel	camel
🐫	two-hump camel	two|hump|camel
🦙	llama	llama
🦒	giraffe	giraffe
🐘	elephant	elephant
🦣	mammoth	mammoth
🦏	rhinoceros	rhinoceros
🦛	hippopotamus	hippopotamus
🐭	mouse face	mouse|face
🐁	mouse	mouse
🐀	rat	rat
🐹	hamster	hamster
🐰	rabbit face	rabbit|face
🐇	rabbit	rabbit
🐿️	chipmunk	chipmunk
🦫	beaver	beaver
🦔	hedgehog	hedgehog
🦇	bat	bat
🐻	bear	bear
🐻‍❄️	polar bear	polar|bear
🐨	koala	koala
🐼	panda	panda
🦥	sloth	sloth
🦦	otter	otter
🦨	skunk	skunk
🦘	kangaroo	kangaroo
🦡	badger	badger
🐾	paw prints	paw|prints
🦃	turkey	turkey
🐔	chicken	chicken
🐓	rooster	rooster
🐣	hatching chick	hatching|chick
🐤	baby chick	baby|chick
🐥	front-facing baby chick	front|facing|baby|chick
🐦	bird	bird
🐧	penguin	penguin
🕊️	dove	dove
🦅	eagle	eagle
🦆	duck	duck
🦢	swan	swan
🦉	owl	owl
🦤	dodo	dodo
🪶	feather	feather
🦩	flamingo	flamingo
🦚	peacock	peacock
🦜	parrot	parrot
🪽	wing	wing
🐦‍⬛	black bird	black|bird
🪿	goose	goose
🐦‍🔥	phoenix	phoenix
🐸	frog	frog
🐊	crocodile	crocodile
🐢	turtle	turtle
🦎	lizard	lizard
🐍	snake	snake
🐲	dragon face	dragon|face
🐉	dragon	dragon
🦕	sauropod	sauropod
🦖	T-Rex	T|Rex
🐳	spouting whale	spouting|whale
🐋	whale	whale
🐬	dolphin	dolphin
🫍	orca	orca
🦭	seal	seal
🐟	fish	fish
🐠	tropical fish	tropical|fish
🐡	blowfish	blowfish
🦈	shark	shark
🐙	octopus	octopus
🐚	spiral shell	spiral|shell
🪸	coral	coral
🪼	jellyfish	jellyfish
🦀	crab	crab
🦞	lobster	lobster
🦐	shrimp	shrimp
🦑	squid	squid
🦪	oyster	oyster
🐌	snail	snail
🦋	butterfly	butterfly
🐛	bug	bug
🐜	ant	ant
🐝	honeybee	honeybee
🪲	beetle	beetle
🐞	lady beetle	lady|beetle
🦗	cricket	cricket
🪳	cockroach	cockroach
🕷️	spider	spider
🕸️	spider web	spider|web
🦂	scorpion	scorpion
🦟	mosquito	mosquito
🪰	fly	fly
🪱	worm	worm
🦠	microbe	microbe
💐	bouquet	bouquet
🌸	cherry blossom	cherry|blossom
💮	white flower	white|flower
🪷	lotus	lotus
🏵️	rosette	rosette
🌹	rose	rose
🥀	wilted flower	wilted|flower
🌺	hibiscus	hibiscus
🌻	sunflower	sunflower
🌼	blossom	blossom
🌷	tulip	tulip
🪻	hyacinth	hyacinth
🌱	seedling	seedling
🪴	potted plant	potted|plant
🌲	evergreen tree	evergreen|tree
🌳	deciduous tree	deciduous|tree
🌴	palm tree	palm|tree
🌵	cactus	cactus
🌾	sheaf of rice	sheaf|of|rice
🌿	herb	herb
☘️	shamrock	shamrock
🍀	four leaf clover	four|leaf|clover
🍁	maple leaf	maple|leaf
🍂	fallen leaf	fallen|leaf
🍃	leaf fluttering in wind	leaf|fluttering|in|wind
🪹	empty nest	empty|nest
🪺	nest with eggs	nest|with|eggs
🍄	mushroom	mushroom
🪾	leafless tree	leafless|tree
🍇	grapes	grapes
🍈	melon	melon
🍉	watermelon	watermelon
🍊	tangerine	tangerine
🍋	lemon	lemon
🍋‍🟩	lime	lime
🍌	banana	banana
🍍	pineapple	pineapple
🥭	mango	mango
🍎	red apple	red|apple
🍏	green apple	green|apple
🍐	pear	pear
🍑	peach	peach
🍒	cherries	cherries
🍓	strawberry	strawberry
🫐	blueberries	blueberries
🥝	kiwi fruit	kiwi|fruit
🍅	tomato	tomato
🫒	olive	olive
🥥	coconut	coconut
🥑	avocado	avocado
🍆	eggplant	eggplant
🥔	potato	potato
🥕	carrot	carrot
🌽	ear of corn	ear|of|corn
🌶️	hot pepper	hot|pepper
🫑	bell pepper	bell|pepper
🥒	cucumber	cucumber
🥬	leafy green	leafy|green
🥦	broccoli	broccoli
🧄	garlic	garlic
🧅	onion	onion
🥜	peanuts	peanuts
🫘	beans	beans
🌰	chestnut	chestnut
🫚	ginger root	ginger|root
🫛	pea pod	pea|pod
🍄‍🟫	brown mushroom	brown|mushroom
🫜	root vegetable	root|vegetable
🍞	bread	bread
🥐	croissant	croissant
🥖	baguette bread	baguette|bread
🫓	flatbread	flatbread
🥨	pretzel	pretzel
🥯	bagel	bagel
🥞	pancakes	pancakes
🧇	waffle	waffle
🧀	cheese wedge	cheese|wedge
🍖	meat on bone	meat|on|bone
🍗	poultry leg	poultry|leg
🥩	cut of meat	cut|of|meat
🥓	bacon	bacon
🍔	hamburger	hamburger
🍟	french fries	french|fries
🍕	pizza	pizza
🌭	hot dog	hot|dog
🥪	sandwich	sandwich
🌮	taco	taco
🌯	burrito	burrito
🫔	tamale	tamale
🥙	stuffed flatbread	stuffed|flatbread
🧆	falafel	falafel
🥚	egg	egg
🍳	cooking	cooking
🥘	shallow pan of food	shallow|pan|of|food
🍲	pot of food	pot|of|food
🫕	fondue	fondue
🥣	bowl with spoon	bowl|with|spoon
🥗	green salad	green|salad
🍿	popcorn	popcorn
🧈	butter	butter
🧂	salt	salt
🥫	canned food	canned|food
🍱	bento box	bento|box
🍘	rice cracker	rice|cracker
🍙	rice ball	rice|ball
🍚	cooked rice	cooked|rice
🍛	curry rice	curry|rice
🍜	steaming bowl	steaming|bowl
🍝	spaghetti	spaghetti
🍠	roasted sweet potato	roasted|sweet|potato
🍢	oden	oden
🍣	sushi	sushi
🍤	fried shrimp	fried|shrimp
🍥	fish cake with swirl	fish|cake|with|swirl
🥮	moon cake	moon|cake
🍡	dango	dango
🥟	dumpling	dumpling
🥠	fortune cookie	fortune|cookie
🥡	takeout box	takeout|box
🍦	soft ice cream	soft|ice|cream
🍧	shaved ice	shaved|ice
🍨	ice cream	ice|cream
🍩	doughnut	doughnut
🍪	cookie	cookie
🎂	birthday cake	birthday|cake
🍰	shortcake	shortcake
🧁	cupcake	cupcake
🥧	pie	pie
🍫	chocolate bar	chocolate|bar
🍬	candy	candy
🍭	lollipop	lollipop
🍮	custard	custard
🍯	honey pot	honey|pot
🍼	baby bottle	baby|bottle
🥛	glass of milk	glass|of|milk
☕	hot beverage	hot|beverage
🫖	teapot	teapot
🍵	teacup without handle	teacup|without|handle
🍶	sake	sake
🍾	bottle with popping cork	bottle|with|popping|cork
🍷	wine glass	wine|glass
🍸	cocktail glass	cocktail|glass
🍹	tropical drink	tropical|drink
🍺	beer mug	beer|mug
🍻	clinking beer mugs	clinking|beer|mugs
🥂	clinking glasses	clinking|glasses
🥃	tumbler glass	tumbler|glass
🫗	pouring liquid	pouring|liquid
🥤	cup with straw	cup|with|straw
🧋	bubble tea	bubble|tea
🧃	beverage box	beverage|box
🧉	mate	mate
🧊	ice	ice
🥢	chopsticks	chopsticks
🍽️	fork and knife with plate	fork|and|knife|with|plate
🍴	fork and knife	fork|and|knife
🥄	spoon	spoon
🔪	kitchen knife	kitchen|knife
🫙	jar	jar
🏺	amphora	amphora
🌍	globe showing Europe-Africa	globe|showing|Europe|Africa
🌎	globe showing Americas	globe|showing|Americas
🌏	globe showing Asia-Australia	globe|showing|Asia|Australia
🌐	globe with meridians	globe|with|meridians
🗺️	world map	world|map
🗾	map of Japan	map|of|Japan
🧭	compass	compass
🏔️	snow-capped mountain	snow|capped|mountain
⛰️	mountain	mountain
🛘	landslide	landslide
🌋	volcano	volcano
🗻	mount fuji	mount|fuji
🏕️	camping	camping
🏖️	beach with umbrella	beach|with|umbrella
🏜️	desert	desert
🏝️	desert island	desert|island
🏞️	national park	national|park
🏟️	stadium	stadium
🏛️	classical building	classical|building
🏗️	building construction	building|construction
🧱	brick	brick
🪨	rock	rock
🪵	wood	wood
🛖	hut	hut
🏘️	houses	houses
🏚️	derelict house	derelict|house
🏠	house	house
🏡	house with garden	house|with|garden
🏢	office building	office|building
🏣	Japanese post office	Japanese|post|office
🏤	post office	post|office
🏥	hospital	hospital
🏦	bank	bank
🏨	hotel	hotel
🏩	love hotel	love|hotel
🏪	convenience store	convenience|store
🏫	school	school
🏬	department store	department|store
🏭	factory	factory
🏯	Japanese castle	Japanese|castle
🏰	castle	castle
💒	wedding	wedding
🗼	Tokyo tower	Tokyo|tower
🗽	Statue of Liberty	Statue|of|Liberty
⛪	church	church
🕌	mosque	mosque
🛕	hindu temple	hindu|temple
🕍	synagogue	synagogue
⛩️	shinto shrine	shinto|shrine
🕋	kaaba	kaaba
⛲	fountain	fountain
⛺	tent	tent
🌁	foggy	foggy
🌃	night with stars	night|with|stars
🏙️	cityscape	cityscape
🌄	sunrise over mountains	sunrise|over|mountains
🌅	sunrise	sunrise
🌆	cityscape at dusk	cityscape|at|dusk
🌇	sunset	sunset
🌉	bridge at night	bridge|at|night
♨️	hot springs	hot|springs
🎠	carousel horse	carousel|horse
🛝	playground slide	playground|slide
🎡	ferris wheel	ferris|wheel
🎢	roller coaster	roller|coaster
💈	barber pole	barber|pole
🎪	circus tent	circus|tent
🚂	locomotive	locomotive
🚃	railway car	railway|car
🚄	high-speed train	high|speed|train
🚅	bullet train	bullet|train
🚆	train	train
🚇	metro	metro
🚈	light rail	light|rail
🚉	station	station
🚊	tram	tram
🚝	monorail	monorail
🚞	mountain railway	mountain|railway
🚋	tram car	tram|car
🚌	bus	bus
🚍	oncoming bus	oncoming|bus
🚎	trolleybus	trolleybus
🚐	minibus	minibus
🚑	ambulance	ambulance
🚒	fire engine	fire|engine
🚓	police car	police|car
🚔	oncoming police car	oncoming|police|car
🚕	taxi	taxi
🚖	oncoming taxi	oncoming|taxi
🚗	automobile	automobile
🚘	oncoming automobile	oncoming|automobile
🚙	sport utility vehicle	sport|utility|vehicle
🛻	pickup truck	pickup|truck
🚚	delivery truck	delivery|truck
🚛	articulated lorry	articulated|lorry
🚜	tractor	tractor
🏎️	racing car	racing|car
🏍️	motorcycle	motorcycle
🛵	motor scooter	motor|scooter
🦽	manual wheelchair	manual|wheelchair
🦼	motorized wheelchair	motorized|wheelchair
🛺	auto rickshaw	auto|rickshaw
🚲	bicycle	bicycle
🛴	kick scooter	kick|scooter
🛹	skateboard	skateboard
🛼	roller skate	roller|skate
🚏	bus stop	bus|stop
🛣️	motorway	motorway
🛤️	railway track	railway|track
🛢️	oil drum	oil|drum
⛽	fuel pump	fuel|pump
🛞	wheel	wheel
🚨	police car light	police|car|light
🚥	horizontal traffic light	horizontal|traffic|light
🚦	vertical traffic light	vertical|traffic|light
🛑	stop sign	stop|sign
🚧	construction	construction
⚓	anchor	anchor
🛟	ring buoy	ring|buoy
⛵	sailboat	sailboat
🛶	canoe	canoe
🚤	speedboat	speedboat
🛳️	passenger ship	passenger|ship
⛴️	ferry	ferry
🛥️	motor boat	motor|boat
🚢	ship	ship
✈️	airplane	airplane
🛩️	small airplane	small|airplane
🛫	airplane departure	airplane|departure
🛬	airplane arrival	airplane|arrival
🪂	parachute	parachute
💺	seat	seat
🚁	helicopter	helicopter
🚟	suspension railway	suspension|railway
🚠	mountain cableway	mountain|cableway
🚡	aerial tramway	aerial|tramway
🛰️	satellite	satellite
🚀	rocket	rocket
🛸	flying saucer	flying|saucer
🛎️	bellhop bell	bellhop|bell
🧳	luggage	luggage
⌛	hourglass done	hourglass|done
⏳	hourglass not done	hourglass|not|done
⌚	watch	watch
⏰	alarm clock	alarm|clock
⏱️	stopwatch	stopwatch
⏲️	timer clock	timer|clock
🕰️	mantelpiece clock	mantelpiece|clock
🕛	twelve o’clock	twelve|o’clock
🕧	twelve-thirty	twelve|thirty
🕐	one o’clock	one|o’clock
🕜	one-thirty	one|thirty
🕑	two o’clock	two|o’clock
🕝	two-thirty	two|thirty
🕒	three o’clock	three|o’clock
🕞	three-thirty	three|thirty
🕓	four o’clock	four|o’clock
🕟	four-thirty	four|thirty
🕔	five o’clock	five|o’clock
🕠	five-thirty	five|thirty
🕕	six o’clock	six|o’clock
🕡	six-thirty	six|thirty
🕖	seven o’clock	seven|o’clock
🕢	seven-thirty	seven|thirty
🕗	eight o’clock	eight|o’clock
🕣	eight-thirty	eight|thirty
🕘	nine o’clock	nine|o’clock
🕤	nine-thirty	nine|thirty
🕙	ten o’clock	ten|o’clock
🕥	ten-thirty	ten|thirty
🕚	eleven o’clock	eleven|o’clock
🕦	eleven-thirty	eleven|thirty
🌑	new moon	new|moon
🌒	waxing crescent moon	waxing|crescent|moon
🌓	first quarter moon	first|quarter|moon
🌔	waxing gibbous moon	waxing|gibbous|moon
🌕	full moon	full|moon
🌖	waning gibbous moon	waning|gibbous|moon
🌗	last quarter moon	last|quarter|moon
🌘	waning crescent moon	waning|crescent|moon
🌙	crescent moon	crescent|moon
🌚	new moon face	new|moon|face
🌛	first quarter moon face	first|quarter|moon|face
🌜	last quarter moon face	last|quarter|moon|face
🌡️	thermometer	thermometer
☀️	sun	sun
🌝	full moon face	full|moon|face
🌞	sun with face	sun|with|face
🪐	ringed planet	ringed|planet
⭐	star	star
🌟	glowing star	glowing|star
🌠	shooting star	shooting|star
🌌	milky way	milky|way
☁️	cloud	cloud
⛅	sun behind cloud	sun|behind|cloud
⛈️	cloud with lightning and rain	cloud|with|lightning|and|rain
🌤️	sun behind small cloud	sun|behind|small|cloud
🌥️	sun behind large cloud	sun|behind|large|cloud
🌦️	sun behind rain cloud	sun|behind|rain|cloud
🌧️	cloud with rain	cloud|with|rain
🌨️	cloud with snow	cloud|with|snow
🌩️	cloud with lightning	cloud|with|lightning
🌪️	tornado	tornado
🌫️	fog	fog
🌬️	wind face	wind|face
🌀	cyclone	cyclone
🌈	rainbow	rainbow
🌂	closed umbrella	closed|umbrella
☂️	umbrella	umbrella
☔	umbrella with rain drops	umbrella|with|rain|drops
⛱️	umbrella on ground	umbrella|on|ground
⚡	high voltage	high|voltage
❄️	snowflake	snowflake
☃️	snowman	snowman
⛄	snowman without snow	snowman|without|snow
☄️	comet	comet
🔥	fire	fire
💧	droplet	droplet
🌊	water wave	water|wave
🎃	jack-o-lantern	jack|o|lantern
🎄	Christmas tree	Christmas|tree
🎆	fireworks	fireworks
🎇	sparkler	sparkler
🧨	firecracker	firecracker
✨	sparkles	sparkles
🎈	balloon	balloon
🎉	party popper	party|popper
🎊	confetti ball	confetti|ball
🎋	tanabata tree	tanabata|tree
🎍	pine decoration	pine|decoration
🎎	Japanese dolls	Japanese|dolls
🎏	carp streamer	carp|streamer
🎐	wind chime	wind|chime
🎑	moon viewing ceremony	moon|viewing|ceremony
🧧	red envelope	red|envelope
🎀	ribbon	ribbon
🎁	wrapped gift	wrapped|gift
🎗️	reminder ribbon	reminder|ribbon
🎟️	admission tickets	admission|tickets
🎫	ticket	ticket
🎖️	military medal	military|medal
🏆	trophy	trophy
🏅	sports medal	sports|medal
🥇	1st place medal	1st|place|medal
🥈	2nd place medal	2nd|place|medal
🥉	3rd place medal	3rd|place|medal
⚽	soccer ball	soccer|ball
⚾	baseball	baseball
🥎	softball	softball
🏀	basketball	basketball
🏐	volleyball	volleyball
🏈	american football	american|football
🏉	rugby football	rugby|football
🎾	tennis	tennis
🥏	flying disc	flying|disc
🎳	bowling	bowling
🏏	cricket game	cricket|game
🏑	field hockey	field|hockey
🏒	ice hockey	ice|hockey
🥍	lacrosse	lacrosse
🏓	ping pong	ping|pong
🏸	badminton	badminton
🥊	boxing glove	boxing|glove
🥋	martial arts uniform	martial|arts|uniform
🥅	goal net	goal|net
⛳	flag in hole	flag|in|hole
⛸️	ice skate	ice|skate
🎣	fishing pole	fishing|pole
🤿	diving mask	diving|mask
🎽	running shirt	running|shirt
🎿	skis	skis
🛷	sled	sled
🥌	curling stone	curling|stone
🎯	bullseye	bullseye
🪀	yo-yo	yo|yo
🪁	kite	kite
🔫	water pistol	water|pistol
🎱	pool 8 ball	pool|8|ball
🔮	crystal ball	crystal|ball
🪄	magic wand	magic|wand
🎮	video game	video|game
🕹️	joystick	joystick
🎰	slot machine	slot|machine
🎲	game die	game|die
🧩	puzzle piece	puzzle|piece
🧸	teddy bear	teddy|bear
🪅	piñata	piñata
🪩	mirror ball	mirror|ball
🪆	nesting dolls	nesting|dolls
♠️	spade suit	spade|suit
♥️	heart suit	heart|suit
♦️	diamond suit	diamond|suit
♣️	club suit	club|suit
♟️	chess pawn	chess|pawn
🃏	joker	joker
🀄	mahjong red dragon	mahjong|red|dragon
🎴	flower playing cards	flower|playing|cards
🎭	performing arts	performing|arts
🖼️	framed picture	framed|picture
🎨	artist palette	artist|palette
🧵	thread	thread
🪡	sewing needle	sewing|needle
🧶	yarn	yarn
🪢	knot	knot
👓	glasses	glasses
🕶️	sunglasses	sunglasses
🥽	goggles	goggles
🥼	lab coat	lab|coat
🦺	safety vest	safety|vest
👔	necktie	necktie
👕	t-shirt	t|shirt
👖	jeans	jeans
🧣	scarf	scarf
🧤	gloves	gloves
🧥	coat	coat
🧦	socks	socks
👗	dress	dress
👘	kimono	kimono
🥻	sari	sari
🩱	one-piece swimsuit	one|piece|swimsuit
🩲	briefs	briefs
🩳	shorts	shorts
👙	bikini	bikini
👚	woman’s clothes	woman’s|clothes
🪭	folding hand fan	folding|hand|fan
👛	purse	purse
👜	handbag	handbag
👝	clutch bag	clutch|bag
🛍️	shopping bags	shopping|bags
🎒	backpack	backpack
🩴	thong sandal	thong|sandal
👞	man’s shoe	man’s|shoe
👟	running shoe	running|shoe
🥾	hiking boot	hiking|boot
🥿	flat shoe	flat|shoe
👠	high-heeled shoe	high|heeled|shoe
👡	woman’s sandal	woman’s|sandal
🩰	ballet shoes	ballet|shoes
👢	woman’s boot	woman’s|boot
🪮	hair pick	hair|pick
👑	crown	crown
👒	woman’s hat	woman’s|hat
🎩	top hat	top|hat
🎓	graduation cap	graduation|cap
🧢	billed cap	billed|cap
🪖	military helmet	military|helmet
⛑️	rescue worker’s helmet	rescue|worker’s|helmet
📿	prayer beads	prayer|beads
💄	lipstick	lipstick
💍	ring	ring
💎	gem stone	gem|stone
🔇	muted speaker	muted|speaker
🔈	speaker low volume	speaker|low|volume
🔉	speaker medium volume	speaker|medium|volume
🔊	speaker high volume	speaker|high|volume
📢	loudspeaker	loudspeaker
📣	megaphone	megaphone
📯	postal horn	postal|horn
🔔	bell	bell
🔕	bell with slash	bell|with|slash
🎼	musical score	musical|score
🎵	musical note	musical|note
🎶	musical notes	musical|notes
🎙️	studio microphone	studio|microphone
🎚️	level slider	level|slider
🎛️	control knobs	control|knobs
🎤	microphone	microphone
🎧	headphone	headphone
📻	radio	radio
🎷	saxophone	saxophone
🎺	trumpet	trumpet
🪊	trombone	trombone
🪗	accordion	accordion
🎸	guitar	guitar
🎹	musical keyboard	musical|keyboard
🎻	violin	violin
🪕	banjo	banjo
🥁	drum	drum
🪘	long drum	long|drum
🪇	maracas	maracas
🪈	flute	flute
🪉	harp	harp
📱	mobile phone	mobile|phone
📲	mobile phone with arrow	mobile|phone|with|arrow
☎️	telephone	telephone
📞	telephone receiver	telephone|receiver
📟	pager	pager
📠	fax machine	fax|machine
🔋	battery	battery
🪫	low battery	low|battery
🔌	electric plug	electric|plug
💻	laptop	laptop
🖥️	desktop computer	desktop|computer
🖨️	printer	printer
⌨️	keyboard	keyboard
🖱️	computer mouse	computer|mouse
🖲️	trackball	trackball
💽	computer disk	computer|disk
💾	floppy disk	floppy|disk
💿	optical disk	optical|disk
📀	dvd	dvd
🧮	abacus	abacus
🎥	movie camera	movie|camera
🎞️	film frames	film|frames
📽️	film projector	film|projector
🎬	clapper board	clapper|board
📺	television	television
📷	camera	camera
📸	camera with flash	camera|with|flash
📹	video camera	video|camera
📼	videocassette	videocassette
🔍	magnifying glass tilted left	magnifying|glass|tilted|left
🔎	magnifying glass tilted right	magnifying|glass|tilted|right
🕯️	candle	candle
💡	light bulb	light|bulb
🔦	flashlight	flashlight
🏮	red paper lantern	red|paper|lantern
🪔	diya lamp	diya|lamp
📔	notebook with decorative cover	notebook|with|decorative|cover
📕	closed book	closed|book
📖	open book	open|book
📗	green book	green|book
📘	blue book	blue|book
📙	orange book	orange|book
📚	books	books
📓	notebook	notebook
📒	ledger	ledger
📃	page with curl	page|with|curl
📜	scroll	scroll
📄	page facing up	page|facing|up
📰	newspaper	newspaper
🗞️	rolled-up newspaper	rolled|up|newspaper
📑	bookmark tabs	bookmark|tabs
🔖	bookmark	bookmark
🏷️	label	label
🪙	coin	coin
💰	money bag	money|bag
🪎	treasure chest	treasure|chest
💴	yen banknote	yen|banknote
💵	dollar banknote	dollar|banknote
💶	euro banknote	euro|banknote
💷	pound banknote	pound|banknote
💸	money with wings	money|with|wings
💳	credit card	credit|card
🧾	receipt	receipt
💹	chart increasing with yen	chart|increasing|with|yen
✉️	envelope	envelope
📧	e-mail	e|mail
📨	incoming envelope	incoming|envelope
📩	envelope with arrow	envelope|with|arrow
📤	outbox tray	outbox|tray
📥	inbox tray	inbox|tray
📦	package	package
📫	closed mailbox with raised flag	closed|mailbox|with|raised|flag
📪	closed mailbox with lowered flag	closed|mailbox|with|lowered|flag
📬	open mailbox with raised flag	open|mailbox|with|raised|flag
📭	open mailbox with lowered flag	open|mailbox|with|lowered|flag
📮	postbox	postbox
🗳️	ballot box with ballot	ballot|box|with|ballot
✏️	pencil	pencil
✒️	black nib	black|nib
🖋️	fountain pen	fountain|pen
🖊️	pen	pen
🖌️	paintbrush	paintbrush
🖍️	crayon	crayon
📝	memo	memo
💼	briefcase	briefcase
📁	file folder	file|folder
📂	open file folder	open|file|folder
🗂️	card index dividers	card|index|dividers
📅	calendar	calendar
📆	tear-off calendar	tear|off|calendar
🗒️	spiral notepad	spiral|notepad
🗓️	spiral calendar	spiral|calendar
📇	card index	card|index
📈	chart increasing	chart|increasing
📉	chart decreasing	chart|decreasing
📊	bar chart	bar|chart
📋	clipboard	clipboard
📌	pushpin	pushpin
📍	round pushpin	round|pushpin
📎	paperclip	paperclip
🖇️	linked paperclips	linked|paperclips
📏	straight ruler	straight|ruler
📐	triangular ruler	triangular|ruler
✂️	scissors	scissors
🗃️	card file box	card|file|box
🗄️	file cabinet	file|cabinet
🗑️	wastebasket	wastebasket
🔒	locked	locked
🔓	unlocked	unlocked
🔏	locked with pen	locked|with|pen
🔐	locked with key	locked|with|key
🔑	key	key
🗝️	old key	old|key
🔨	hammer	hammer
🪓	axe	axe
⛏️	pick	pick
⚒️	hammer and pick	hammer|and|pick
🛠️	hammer and wrench	hammer|and|wrench
🗡️	dagger	dagger
⚔️	crossed swords	crossed|swords
💣	bomb	bomb
🪃	boomerang	boomerang
🏹	bow and arrow	bow|and|arrow
🛡️	shield	shield
🪚	carpentry saw	carpentry|saw
🔧	wrench	wrench
🪛	screwdriver	screwdriver
🔩	nut and bolt	nut|and|bolt
⚙️	gear	gear
🗜️	clamp	clamp
⚖️	balance scale	balance|scale
🦯	white cane	white|cane
🔗	link	link
⛓️‍💥	broken chain	broken|chain
⛓️	chains	chains
🪝	hook	hook
🧰	toolbox	toolbox
🧲	magnet	magnet
🪜	ladder	ladder
🪏	shovel	shovel
⚗️	alembic	alembic
🧪	test tube	test|tube
🧫	petri dish	petri|dish
🧬	dna	dna
🔬	microscope	microscope
🔭	telescope	telescope
📡	satellite antenna	satellite|antenna
💉	syringe	syringe
🩸	drop of blood	drop|of|blood
💊	pill	pill
🩹	adhesive bandage	adhesive|bandage
🩼	crutch	crutch
🩺	stethoscope	stethoscope
🩻	x-ray	x|ray
🚪	door	door
🛗	elevator	elevator
🪞	mirror	mirror
🪟	window	window
🛏️	bed	bed
🛋️	couch and lamp	couch|and|lamp
🪑	chair	chair
🚽	toilet	toilet
🪠	plunger	plunger
🚿	shower	shower
🛁	bathtub	bathtub
🪤	mouse trap	mouse|trap
🪒	razor	razor
🧴	lotion bottle	lotion|bottle
🧷	safety pin	safety|pin
🧹	broom	broom
🧺	basket	basket
🧻	roll of paper	roll|of|paper
🪣	bucket	bucket
🧼	soap	soap
🫧	bubbles	bubbles
🪥	toothbrush	toothbrush
🧽	sponge	sponge
🧯	fire extinguisher	fire|extinguisher
🛒	shopping cart	shopping|cart
🚬	cigarette	cigarette
⚰️	coffin	coffin
🪦	headstone	headstone
⚱️	funeral urn	funeral|urn
🧿	nazar amulet	nazar|amulet
🪬	hamsa	hamsa
🗿	moai	moai
🪧	placard	placard
🪪	identification card	identification|card
🏧	ATM sign	ATM|sign
🚮	litter in bin sign	litter|in|bin|sign
🚰	potable water	potable|water
♿	wheelchair symbol	wheelchair|symbol
🚹	men’s room	men’s|room
🚺	women’s room	women’s|room
🚻	restroom	restroom
🚼	baby symbol	baby|symbol
🚾	water closet	water|closet
🛂	passport control	passport|control
🛃	customs	customs
🛄	baggage claim	baggage|claim
🛅	left luggage	left|luggage
⚠️	warning	warning
🚸	children crossing	children|crossing
⛔	no entry	no|entry
🚫	prohibited	prohibited
🚳	no bicycles	no|bicycles
🚭	no smoking	no|smoking
🚯	no littering	no|littering
🚱	non-potable water	non|potable|water
🚷	no pedestrians	no|pedestrians
📵	no mobile phones	no|mobile|phones
🔞	no one under eighteen	no|one|under|eighteen
☢️	radioactive	radioactive
☣️	biohazard	biohazard
⬆️	up arrow	up|arrow
↗️	up-right arrow	up|right|arrow
➡️	right arrow	right|arrow
↘️	down-right arrow	down|right|arrow
⬇️	down arrow	down|arrow
↙️	down-left arrow	down|left|arrow
⬅️	left arrow	left|arrow
↖️	up-left arrow	up|left|arrow
↕️	up-down arrow	up|down|arrow
↔️	left-right arrow	left|right|arrow
↩️	right arrow curving left	right|arrow|curving|left
↪️	left arrow curving right	left|arrow|curving|right
⤴️	right arrow curving up	right|arrow|curving|up
⤵️	right arrow curving down	right|arrow|curving|down
🔃	clockwise vertical arrows	clockwise|vertical|arrows
🔄	counterclockwise arrows button	counterclockwise|arrows|button
🔙	BACK arrow	BACK|arrow
🔚	END arrow	END|arrow
🔛	ON! arrow	ON!|arrow
🔜	SOON arrow	SOON|arrow
🔝	TOP arrow	TOP|arrow
🛐	place of worship	place|of|worship
⚛️	atom symbol	atom|symbol
🕉️	om	om
✡️	star of David	star|of|David
☸️	wheel of dharma	wheel|of|dharma
☯️	yin yang	yin|yang
✝️	latin cross	latin|cross
☦️	orthodox cross	orthodox|cross
☪️	star and crescent	star|and|crescent
☮️	peace symbol	peace|symbol
🕎	menorah	menorah
🔯	dotted six-pointed star	dotted|six|pointed|star
🪯	khanda	khanda
♈	Aries	Aries
♉	Taurus	Taurus
♊	Gemini	Gemini
♋	Cancer	Cancer
♌	Leo	Leo
♍	Virgo	Virgo
♎	Libra	Libra
♏	Scorpio	Scorpio
♐	Sagittarius	Sagittarius
♑	Capricorn	Capricorn
♒	Aquarius	Aquarius
♓	Pisces	Pisces
⛎	Ophiuchus	Ophiuchus
🔀	shuffle tracks button	shuffle|tracks|button
🔁	repeat button	repeat|button
🔂	repeat single button	repeat|single|button
▶️	play button	play|button
⏩	fast-forward button	fast|forward|button
⏭️	next track button	next|track|button
⏯️	play or pause button	play|or|pause|button
◀️	reverse button	reverse|button
⏪	fast reverse button	fast|reverse|button
⏮️	last track button	last|track|button
🔼	upwards button	upwards|button
⏫	fast up button	fast|up|button
🔽	downwards button	downwards|button
⏬	fast down button	fast|down|button
⏸️	pause button	pause|button
⏹️	stop button	stop|button
⏺️	record button	record|button
⏏️	eject button	eject|button
🎦	cinema	cinema
🔅	dim button	dim|button
🔆	bright button	bright|button
📶	antenna bars	antenna|bars
🛜	wireless	wireless
📳	vibration mode	vibration|mode
📴	mobile phone off	mobile|phone|off
♀️	female sign	female|sign
♂️	male sign	male|sign
⚧️	transgender symbol	transgender|symbol
✖️	multiply	multiply
➕	plus	plus
➖	minus	minus
➗	divide	divide
🟰	heavy equals sign	heavy|equals|sign
♾️	infinity	infinity
‼️	double exclamation mark	double|exclamation|mark
⁉️	exclamation question mark	exclamation|question|mark
❓	red question mark	red|question|mark
❔	white question mark	white|question|mark
❕	white exclamation mark	white|exclamation|mark
❗	red exclamation mark	red|exclamation|mark
〰️	wavy dash	wavy|dash
💱	currency exchange	currency|exchange
💲	heavy dollar sign	heavy|dollar|sign
⚕️	medical symbol	medical|symbol
♻️	recycling symbol	recycling|symbol
⚜️	fleur-de-lis	fleur|de|lis
🔱	trident emblem	trident|emblem
📛	name badge	name|badge
🔰	Japanese symbol for beginner	Japanese|symbol|for|beginner
⭕	hollow red circle	hollow|red|circle
✅	check mark button	check|mark|button
☑️	check box with check	check|box|with|check
✔️	check mark	check|mark
❌	cross mark	cross|mark
❎	cross mark button	cross|mark|button
➰	curly loop	curly|loop
➿	double curly loop	double|curly|loop
〽️	part alternation mark	part|alternation|mark
✳️	eight-spoked asterisk	eight|spoked|asterisk
✴️	eight-pointed star	eight|pointed|star
❇️	sparkle	sparkle
©️	copyright	copyright
®️	registered	registered
™️	trade mark	trade|mark
🫟	splatter	splatter
#️⃣	keycap: #	keycap|#
*️⃣	keycap: *	keycap|*
0️⃣	keycap: 0	keycap|0
1️⃣	keycap: 1	keycap|1
2️⃣	keycap: 2	keycap|2
3️⃣	keycap: 3	keycap|3
4️⃣	keycap: 4	keycap|4
5️⃣	keycap: 5	keycap|5
6️⃣	keycap: 6	keycap|6
7️⃣	keycap: 7	keycap|7
8️⃣	keycap: 8	keycap|8
9️⃣	keycap: 9	keycap|9
🔟	keycap: 10	keycap|10
🔠	input latin uppercase	input|latin|uppercase
🔡	input latin lowercase	input|latin|lowercase
🔢	input numbers	input|numbers
🔣	input symbols	input|symbols
🔤	input latin letters	input|latin|letters
🅰️	A button (blood type)	A|button|(blood|type)
🆎	AB button (blood type)	AB|button|(blood|type)
🅱️	B button (blood type)	B|button|(blood|type)
🆑	CL button	CL|button
🆒	COOL button	COOL|button
🆓	FREE button	FREE|button
ℹ️	information	information
🆔	ID button	ID|button
Ⓜ️	circled M	circled|M
🆕	NEW button	NEW|button
🆖	NG button	NG|button
🅾️	O button (blood type)	O|button|(blood|type)
🆗	OK button	OK|button
🅿️	P button	P|button
🆘	SOS button	SOS|button
🆙	UP! button	UP!|button
🆚	VS button	VS|button
🈁	Japanese “here” button	Japanese|“here”|button
🈂️	Japanese “service charge” button	Japanese|“service|charge”|button
🈷️	Japanese “monthly amount” button	Japanese|“monthly|amount”|button
🈶	Japanese “not free of charge” button	Japanese|“not|free|of|charge”|button
🈯	Japanese “reserved” button	Japanese|“reserved”|button
🉐	Japanese “bargain” button	Japanese|“bargain”|button
🈹	Japanese “discount” button	Japanese|“discount”|button
🈚	Japanese “free of charge” button	Japanese|“free|of|charge”|button
🈲	Japanese “prohibited” button	Japanese|“prohibited”|button
🉑	Japanese “acceptable” button	Japanese|“acceptable”|button
🈸	Japanese “application” button	Japanese|“application”|button
🈴	Japanese “passing grade” button	Japanese|“passing|grade”|button
🈳	Japanese “vacancy” button	Japanese|“vacancy”|button
㊗️	Japanese “congratulations” button	Japanese|“congratulations”|button
㊙️	Japanese “secret” button	Japanese|“secret”|button
🈺	Japanese “open for business” button	Japanese|“open|for|business”|button
🈵	Japanese “no vacancy” button	Japanese|“no|vacancy”|button
🔴	red circle	red|circle
🟠	orange circle	orange|circle
🟡	yellow circle	yellow|circle
🟢	green circle	green|circle
🔵	blue circle	blue|circle
🟣	purple circle	purple|circle
🟤	brown circle	brown|circle
⚫	black circle	black|circle
⚪	white circle	white|circle
🟥	red square	red|square
🟧	orange square	orange|square
🟨	yellow square	yellow|square
🟩	green square	green|square
🟦	blue square	blue|square
🟪	purple square	purple|square
🟫	brown square	brown|square
⬛	black large square	black|large|square
⬜	white large square	white|large|square
◼️	black medium square	black|medium|square
◻️	white medium square	white|medium|square
◾	black medium-small square	black|medium|small|square
◽	white medium-small square	white|medium|small|square
▪️	black small square	black|small|square
▫️	white small square	white|small|square
🔶	large orange diamond	large|orange|diamond
🔷	large blue diamond	large|blue|diamond
🔸	small orange diamond	small|orange|diamond
🔹	small blue diamond	small|blue|diamond
🔺	red triangle pointed up	red|triangle|pointed|up
🔻	red triangle pointed down	red|triangle|pointed|down
💠	diamond with a dot	diamond|with|a|dot
🔘	radio button	radio|button
🔳	white square button	white|square|button
🔲	black square button	black|square|button
🏁	chequered flag	chequered|flag
🚩	triangular flag	triangular|flag
🎌	crossed flags	crossed|flags
🏴	black flag	black|flag
🏳️	white flag	white|flag
🏳️‍🌈	rainbow flag	rainbow|flag
🏳️‍⚧️	transgender flag	transgender|flag
🏴‍☠️	pirate flag	pirate|flag
🇦🇨	flag: Ascension Island	flag|Ascension|Island
🇦🇩	flag: Andorra	flag|Andorra
🇦🇪	flag: United Arab Emirates	flag|United|Arab|Emirates
🇦🇫	flag: Afghanistan	flag|Afghanistan
🇦🇬	flag: Antigua & Barbuda	flag|Antigua|&|Barbuda
🇦🇮	flag: Anguilla	flag|Anguilla
🇦🇱	flag: Albania	flag|Albania
🇦🇲	flag: Armenia	flag|Armenia
🇦🇴	flag: Angola	flag|Angola
🇦🇶	flag: Antarctica	flag|Antarctica
🇦🇷	flag: Argentina	flag|Argentina
🇦🇸	flag: American Samoa	flag|American|Samoa
🇦🇹	flag: Austria	flag|Austria
🇦🇺	flag: Australia	flag|Australia
🇦🇼	flag: Aruba	flag|Aruba
🇦🇽	flag: Åland Islands	flag|Åland|Islands
🇦🇿	flag: Azerbaijan	flag|Azerbaijan
🇧🇦	flag: Bosnia & Herzegovina	flag|Bosnia|&|Herzegovina
🇧🇧	flag: Barbados	flag|Barbados
🇧🇩	flag: Bangladesh	flag|Bangladesh
🇧🇪	flag: Belgium	flag|Belgium
🇧🇫	flag: Burkina Faso	flag|Burkina|Faso
🇧🇬	flag: Bulgaria	flag|Bulgaria
🇧🇭	flag: Bahrain	flag|Bahrain
🇧🇮	flag: Burundi	flag|Burundi
🇧🇯	flag: Benin	flag|Benin
🇧🇱	flag: St. Barthélemy	flag|St.|Barthélemy
🇧🇲	flag: Bermuda	flag|Bermuda
🇧🇳	flag: Brunei	flag|Brunei
🇧🇴	flag: Bolivia	flag|Bolivia
🇧🇶	flag: Caribbean Netherlands	flag|Caribbean|Netherlands
🇧🇷	flag: Brazil	flag|Brazil
🇧🇸	flag: Bahamas	flag|Bahamas
🇧🇹	flag: Bhutan	flag|Bhutan
🇧🇻	flag: Bouvet Island	flag|Bouvet|Island
🇧🇼	flag: Botswana	flag|Botswana
🇧🇾	flag: Belarus	flag|Belarus
🇧🇿	flag: Belize	flag|Belize
🇨🇦	flag: Canada	flag|Canada
🇨🇨	flag: Cocos (Keeling) Islands	flag|Cocos|(Keeling)|Islands
🇨🇩	flag: Congo - Kinshasa	flag|Congo|Kinshasa
🇨🇫	flag: Central African Republic	flag|Central|African|Republic
🇨🇬	flag: Congo - Brazzaville	flag|Congo|Brazzaville
🇨🇭	flag: Switzerland	flag|Switzerland
🇨🇮	flag: Côte d’Ivoire	flag|Côte|d’Ivoire
🇨🇰	flag: Cook Islands	flag|Cook|Islands
🇨🇱	flag: Chile	flag|Chile
🇨🇲	flag: Cameroon	flag|Cameroon
🇨🇳	flag: China	flag|China
🇨🇴	flag: Colombia	flag|Colombia
🇨🇵	flag: Clipperton Island	flag|Clipperton|Island
🇨🇶	flag: Sark	flag|Sark
🇨🇷	flag: Costa Rica	flag|Costa|Rica
🇨🇺	flag: Cuba	flag|Cuba
🇨🇻	flag: Cape Verde	flag|Cape|Verde
🇨🇼	flag: Curaçao	flag|Curaçao
🇨🇽	flag: Christmas Island	flag|Christmas|Island
🇨🇾	flag: Cyprus	flag|Cyprus
🇨🇿	flag: Czechia	flag|Czechia
🇩🇪	flag: Germany	flag|Germany
🇩🇬	flag: Diego Garcia	flag|Diego|Garcia
🇩🇯	flag: Djibouti	flag|Djibouti
🇩🇰	flag: Denmark	flag|Denmark
🇩🇲	flag: Dominica	flag|Dominica
🇩🇴	flag: Dominican Republic	flag|Dominican|Republic
🇩🇿	flag: Algeria	flag|Algeria
🇪🇦	flag: Ceuta & Melilla	flag|Ceuta|&|Melilla
🇪🇨	flag: Ecuador	flag|Ecuador
🇪🇪	flag: Estonia	flag|Estonia
🇪🇬	flag: Egypt	flag|Egypt
🇪🇭	flag: Western Sahara	flag|Western|Sahara
🇪🇷	flag: Eritrea	flag|Eritrea
🇪🇸	flag: Spain	flag|Spain
🇪🇹	flag: Ethiopia	flag|Ethiopia
🇪🇺	flag: European Union	flag|European|Union
🇫🇮	flag: Finland	flag|Finland
🇫🇯	flag: Fiji	flag|Fiji
🇫🇰	flag: Falkland Islands	flag|Falkland|Islands
🇫🇲	flag: Micronesia	flag|Micronesia
🇫🇴	flag: Faroe Islands	flag|Faroe|Islands
🇫🇷	flag: France	flag|France
🇬🇦	flag: Gabon	flag|Gabon
🇬🇧	flag: United Kingdom	flag|United|Kingdom
🇬🇩	flag: Grenada	flag|Grenada
🇬🇪	flag: Georgia	flag|Georgia
🇬🇫	flag: French Guiana	flag|French|Guiana
🇬🇬	flag: Guernsey	flag|Guernsey
🇬🇭	flag: Ghana	flag|Ghana
🇬🇮	flag: Gibraltar	flag|Gibraltar
🇬🇱	flag: Greenland	flag|Greenland
🇬🇲	flag: Gambia	flag|Gambia
🇬🇳	flag: Guinea	flag|Guinea
🇬🇵	flag: Guadeloupe	flag|Guadeloupe
🇬🇶	flag: Equatorial Guinea	flag|Equatorial|Guinea
🇬🇷	flag: Greece	flag|Greece
🇬🇸	flag: South Georgia & South Sandwich Islands	flag|South|Georgia|&|South|Sandwich|Islands
🇬🇹	flag: Guatemala	flag|Guatemala
🇬🇺	flag: Guam	flag|Guam
🇬🇼	flag: Guinea-Bissau	flag|Guinea|Bissau
🇬🇾	flag: Guyana	flag|Guyana
🇭🇰	flag: Hong Kong SAR China	flag|Hong|Kong|SAR|China
🇭🇲	flag: Heard & McDonald Islands	flag|Heard|&|McDonald|Islands
🇭🇳	flag: Honduras	flag|Honduras
🇭🇷	flag: Croatia	flag|Croatia
🇭🇹	flag: Haiti	flag|Haiti
🇭🇺	flag: Hungary	flag|Hungary
🇮🇨	flag: Canary Islands	flag|Canary|Islands
🇮🇩	flag: Indonesia	flag|Indonesia
🇮🇪	flag: Ireland	flag|Ireland
🇮🇱	flag: Israel	flag|Israel
🇮🇲	flag: Isle of Man	flag|Isle|of|Man
🇮🇳	flag: India	flag|India
🇮🇴	flag: British Indian Ocean Territory	flag|British|Indian|Ocean|Territory
🇮🇶	flag: Iraq	flag|Iraq
🇮🇷	flag: Iran	flag|Iran
🇮🇸	flag: Iceland	flag|Iceland
🇮🇹	flag: Italy	flag|Italy
🇯🇪	flag: Jersey	flag|Jersey
🇯🇲	flag: Jamaica	flag|Jamaica
🇯🇴	flag: Jordan	flag|Jordan
🇯🇵	flag: Japan	flag|Japan
🇰🇪	flag: Kenya	flag|Kenya
🇰🇬	flag: Kyrgyzstan	flag|Kyrgyzstan
🇰🇭	flag: Cambodia	flag|Cambodia
🇰🇮	flag: Kiribati	flag|Kiribati
🇰🇲	flag: Comoros	flag|Comoros
🇰🇳	flag: St. Kitts & Nevis	flag|St.|Kitts|&|Nevis
🇰🇵	flag: North Korea	flag|North|Korea
🇰🇷	flag: South Korea	flag|South|Korea
🇰🇼	flag: Kuwait	flag|Kuwait
🇰🇾	flag: Cayman Islands	flag|Cayman|Islands
🇰🇿	flag: Kazakhstan	flag|Kazakhstan
🇱🇦	flag: Laos	flag|Laos
🇱🇧	flag: Lebanon	flag|Lebanon
🇱🇨	flag: St. Lucia	flag|St.|Lucia
🇱🇮	flag: Liechtenstein	flag|Liechtenstein
🇱🇰	flag: Sri Lanka	flag|Sri|Lanka
🇱🇷	flag: Liberia	flag|Liberia
🇱🇸	flag: Lesotho	flag|Lesotho
🇱🇹	flag: Lithuania	flag|Lithuania
🇱🇺	flag: Luxembourg	flag|Luxembourg
🇱🇻	flag: Latvia	flag|Latvia
🇱🇾	flag: Libya	flag|Libya
🇲🇦	flag: Morocco	flag|Morocco
🇲🇨	flag: Monaco	flag|Monaco
🇲🇩	flag: Moldova	flag|Moldova
🇲🇪	flag: Montenegro	flag|Montenegro
🇲🇫	flag: St. Martin	flag|St.|Martin
🇲🇬	flag: Madagascar	flag|Madagascar
🇲🇭	flag: Marshall Islands	flag|Marshall|Islands
🇲🇰	flag: North Macedonia	flag|North|Macedonia
🇲🇱	flag: Mali	flag|Mali
🇲🇲	flag: Myanmar (Burma)	flag|Myanmar|(Burma)
🇲🇳	flag: Mongolia	flag|Mongolia
🇲🇴	flag: Macao SAR China	flag|Macao|SAR|China
🇲🇵	flag: Northern Mariana Islands	flag|Northern|Mariana|Islands
🇲🇶	flag: Martinique	flag|Martinique
🇲🇷	flag: Mauritania	flag|Mauritania
🇲🇸	flag: Montserrat	flag|Montserrat
🇲🇹	flag: Malta	flag|Malta
🇲🇺	flag: Mauritius	flag|Mauritius
🇲🇻	flag: Maldives	flag|Maldives
🇲🇼	flag: Malawi	flag|Malawi
🇲🇽	flag: Mexico	flag|Mexico
🇲🇾	flag: Malaysia	flag|Malaysia
🇲🇿	flag: Mozambique	flag|Mozambique
🇳🇦	flag: Namibia	flag|Namibia
🇳🇨	flag: New Caledonia	flag|New|Caledonia
🇳🇪	flag: Niger	flag|Niger
🇳🇫	flag: Norfolk Island	flag|Norfolk|Island
🇳🇬	flag: Nigeria	flag|Nigeria
🇳🇮	flag: Nicaragua	flag|Nicaragua
🇳🇱	flag: Netherlands	flag|Netherlands
🇳🇴	flag: Norway	flag|Norway
🇳🇵	flag: Nepal	flag|Nepal
🇳🇷	flag: Nauru	flag|Nauru
🇳🇺	flag: Niue	flag|Niue
🇳🇿	flag: New Zealand	flag|New|Zealand
🇴🇲	flag: Oman	flag|Oman
🇵🇦	flag: Panama	flag|Panama
🇵🇪	flag: Peru	flag|Peru
🇵🇫	flag: French Polynesia	flag|French|Polynesia
🇵🇬	flag: Papua New Guinea	flag|Papua|New|Guinea
🇵🇭	flag: Philippines	flag|Philippines
🇵🇰	flag: Pakistan	flag|Pakistan
🇵🇱	flag: Poland	flag|Poland
🇵🇲	flag: St. Pierre & Miquelon	flag|St.|Pierre|&|Miquelon
🇵🇳	flag: Pitcairn Islands	flag|Pitcairn|Islands
🇵🇷	flag: Puerto Rico	flag|Puerto|Rico
🇵🇸	flag: Palestinian Territories	flag|Palestinian|Territories
🇵🇹	flag: Portugal	flag|Portugal
🇵🇼	flag: Palau	flag|Palau
🇵🇾	flag: Paraguay	flag|Paraguay
🇶🇦	flag: Qatar	flag|Qatar
🇷🇪	flag: Réunion	flag|Réunion
🇷🇴	flag: Romania	flag|Romania
🇷🇸	flag: Serbia	flag|Serbia
🇷🇺	flag: Russia	flag|Russia
🇷🇼	flag: Rwanda	flag|Rwanda
🇸🇦	flag: Saudi Arabia	flag|Saudi|Arabia
🇸🇧	flag: Solomon Islands	flag|Solomon|Islands
🇸🇨	flag: Seychelles	flag|Seychelles
🇸🇩	flag: Sudan	flag|Sudan
🇸🇪	flag: Sweden	flag|Sweden
🇸🇬	flag: Singapore	flag|Singapore
🇸🇭	flag: St. Helena	flag|St.|Helena
🇸🇮	flag: Slovenia	flag|Slovenia
🇸🇯	flag: Svalbard & Jan Mayen	flag|Svalbard|&|Jan|Mayen
🇸🇰	flag: Slovakia	flag|Slovakia
🇸🇱	flag: Sierra Leone	flag|Sierra|Leone
🇸🇲	flag: San Marino	flag|San|Marino
🇸🇳	flag: Senegal	flag|Senegal
🇸🇴	flag: Somalia	flag|Somalia
🇸🇷	flag: Suriname	flag|Suriname
🇸🇸	flag: South Sudan	flag|South|Sudan
🇸🇹	flag: São Tomé & Príncipe	flag|São|Tomé|&|Príncipe
🇸🇻	flag: El Salvador	flag|El|Salvador
🇸🇽	flag: Sint Maarten	flag|Sint|Maarten
🇸🇾	flag: Syria	flag|Syria
🇸🇿	flag: Eswatini	flag|Eswatini
🇹🇦	flag: Tristan da Cunha	flag|Tristan|da|Cunha
🇹🇨	flag: Turks & Caicos Islands	flag|Turks|&|Caicos|Islands
🇹🇩	flag: Chad	flag|Chad
🇹🇫	flag: French Southern Territories	flag|French|Southern|Territories
🇹🇬	flag: Togo	flag|Togo
🇹🇭	flag: Thailand	flag|Thailand
🇹🇯	flag: Tajikistan	flag|Tajikistan
🇹🇰	flag: Tokelau	flag|Tokelau
🇹🇱	flag: Timor-Leste	flag|Timor|Leste
🇹🇲	flag: Turkmenistan	flag|Turkmenistan
🇹🇳	flag: Tunisia	flag|Tunisia
🇹🇴	flag: Tonga	flag|Tonga
🇹🇷	flag: Türkiye	flag|Türkiye
🇹🇹	flag: Trinidad & Tobago	flag|Trinidad|&|Tobago
🇹🇻	flag: Tuvalu	flag|Tuvalu
🇹🇼	flag: Taiwan	flag|Taiwan
🇹🇿	flag: Tanzania	flag|Tanzania
🇺🇦	flag: Ukraine	flag|Ukraine
🇺🇬	flag: Uganda	flag|Uganda
🇺🇲	flag: U.S. Outlying Islands	flag|U.S.|Outlying|Islands
🇺🇳	flag: United Nations	flag|United|Nations
🇺🇸	flag: United States	flag|United|States
🇺🇾	flag: Uruguay	flag|Uruguay
🇺🇿	flag: Uzbekistan	flag|Uzbekistan
🇻🇦	flag: Vatican City	flag|Vatican|City
🇻🇨	flag: St. Vincent & Grenadines	flag|St.|Vincent|&|Grenadines
🇻🇪	flag: Venezuela	flag|Venezuela
🇻🇬	flag: British Virgin Islands	flag|British|Virgin|Islands
🇻🇮	flag: U.S. Virgin Islands	flag|U.S.|Virgin|Islands
🇻🇳	flag: Vietnam	flag|Vietnam
🇻🇺	flag: Vanuatu	flag|Vanuatu
🇼🇫	flag: Wallis & Futuna	flag|Wallis|&|Futuna
🇼🇸	flag: Samoa	flag|Samoa
🇽🇰	flag: Kosovo	flag|Kosovo
🇾🇪	flag: Yemen	flag|Yemen
🇾🇹	flag: Mayotte	flag|Mayotte
🇿🇦	flag: South Africa	flag|South|Africa
🇿🇲	flag: Zambia	flag|Zambia
🇿🇼	flag: Zimbabwe	flag|Zimbabwe
🏴󠁧󠁢󠁥󠁮󠁧󠁿	flag: England	flag|England
🏴󠁧󠁢󠁳󠁣󠁴󠁿	flag: Scotland	flag|Scotland
🏴󠁧󠁢󠁷󠁬󠁳󠁿	flag: Wales	flag|Wales
